store_alias,avg_sales,sales_std,day_over_day_pct_std,trailing_7d_pct_std,same_weekday_4w_pct_std
city_0,26384.70931111111,4331.895034755197,16.772961932587904,14.973486438584073,9.986088318699098
city_12,4773.495333333334,1075.623547844461,20.992477398144313,20.015905792568315,14.72976298712035
city_16,4469.787611111111,828.5248608579052,17.804380095724902,15.441681097538602,10.503646477252557
city_13,2324.311877777778,517.2946931836785,22.60107340697988,22.01263572193685,15.609414306412138
city_3,1798.650277777778,348.1817116895383,20.402893359419153,19.15185540524707,13.479073380212133
